<?xml version="1.0" encoding="UTF-8"?>
<GenRun Id="impl_1" LaunchPart="xc7z020clg400-2" LaunchTime="1715255298">
  <File Type="BITSTR-BMM" Name="aes_encrypt_top_bd.bmm"/>
  <File Type="OPT-METHODOLOGY-DRC" Name="aes_encrypt_top_methodology_drc_opted.rpt"/>
  <File Type="INIT-TIMING" Name="aes_encrypt_top_timing_summary_init.rpt"/>
  <File Type="ROUTE-PWR" Name="aes_encrypt_top_power_routed.rpt"/>
  <File Type="PA-TCL" Name="aes_encrypt_top.tcl"/>
  <File Type="OPT-TIMING" Name="aes_encrypt_top_timing_summary_opted.rpt"/>
  <File Type="OPT-DCP" Name="aes_encrypt_top_opt.dcp"/>
  <File Type="ROUTE-PWR-SUM" Name="aes_encrypt_top_power_summary_routed.pb"/>
  <File Type="REPORTS-TCL" Name="aes_encrypt_top_reports.tcl"/>
  <File Type="OPT-DRC" Name="aes_encrypt_top_drc_opted.rpt"/>
  <File Type="OPT-HWDEF" Name="aes_encrypt_top.hwdef"/>
  <File Type="PWROPT-DCP" Name="aes_encrypt_top_pwropt.dcp"/>
  <File Type="PWROPT-DRC" Name="aes_encrypt_top_drc_pwropted.rpt"/>
  <File Type="PWROPT-TIMING" Name="aes_encrypt_top_timing_summary_pwropted.rpt"/>
  <File Type="PLACE-DCP" Name="aes_encrypt_top_placed.dcp"/>
  <File Type="PLACE-IO" Name="aes_encrypt_top_io_placed.rpt"/>
  <File Type="PLACE-CLK" Name="aes_encrypt_top_clock_utilization_placed.rpt"/>
  <File Type="PLACE-UTIL" Name="aes_encrypt_top_utilization_placed.rpt"/>
  <File Type="PLACE-UTIL-PB" Name="aes_encrypt_top_utilization_placed.pb"/>
  <File Type="PLACE-CTRL" Name="aes_encrypt_top_control_sets_placed.rpt"/>
  <File Type="PLACE-SIMILARITY" Name="aes_encrypt_top_incremental_reuse_placed.rpt"/>
  <File Type="PLACE-PRE-SIMILARITY" Name="aes_encrypt_top_incremental_reuse_pre_placed.rpt"/>
  <File Type="BG-BGN" Name="aes_encrypt_top.bgn"/>
  <File Type="PLACE-TIMING" Name="aes_encrypt_top_timing_summary_placed.rpt"/>
  <File Type="POSTPLACE-PWROPT-DCP" Name="aes_encrypt_top_postplace_pwropt.dcp"/>
  <File Type="BG-BIN" Name="aes_encrypt_top.bin"/>
  <File Type="POSTPLACE-PWROPT-TIMING" Name="aes_encrypt_top_timing_summary_postplace_pwropted.rpt"/>
  <File Type="PHYSOPT-DCP" Name="aes_encrypt_top_physopt.dcp"/>
  <File Type="PHYSOPT-DRC" Name="aes_encrypt_top_drc_physopted.rpt"/>
  <File Type="BITSTR-MSK" Name="aes_encrypt_top.msk"/>
  <File Type="PHYSOPT-TIMING" Name="aes_encrypt_top_timing_summary_physopted.rpt"/>
  <File Type="ROUTE-ERROR-DCP" Name="aes_encrypt_top_routed_error.dcp"/>
  <File Type="ROUTE-DCP" Name="aes_encrypt_top_routed.dcp"/>
  <File Type="ROUTE-BLACKBOX-DCP" Name="aes_encrypt_top_routed_bb.dcp"/>
  <File Type="ROUTE-DRC" Name="aes_encrypt_top_drc_routed.rpt"/>
  <File Type="ROUTE-DRC-PB" Name="aes_encrypt_top_drc_routed.pb"/>
  <File Type="BITSTR-LTX" Name="debug_nets.ltx"/>
  <File Type="BITSTR-LTX" Name="aes_encrypt_top.ltx"/>
  <File Type="ROUTE-DRC-RPX" Name="aes_encrypt_top_drc_routed.rpx"/>
  <File Type="BITSTR-MMI" Name="aes_encrypt_top.mmi"/>
  <File Type="ROUTE-METHODOLOGY-DRC" Name="aes_encrypt_top_methodology_drc_routed.rpt"/>
  <File Type="ROUTE-METHODOLOGY-DRC-RPX" Name="aes_encrypt_top_methodology_drc_routed.rpx"/>
  <File Type="BITSTR-SYSDEF" Name="aes_encrypt_top.sysdef"/>
  <File Type="ROUTE-METHODOLOGY-DRC-PB" Name="aes_encrypt_top_methodology_drc_routed.pb"/>
  <File Type="ROUTE-PWR-RPX" Name="aes_encrypt_top_power_routed.rpx"/>
  <File Type="ROUTE-STATUS" Name="aes_encrypt_top_route_status.rpt"/>
  <File Type="ROUTE-STATUS-PB" Name="aes_encrypt_top_route_status.pb"/>
  <File Type="ROUTE-TIMINGSUMMARY" Name="aes_encrypt_top_timing_summary_routed.rpt"/>
  <File Type="ROUTE-TIMING-PB" Name="aes_encrypt_top_timing_summary_routed.pb"/>
  <File Type="ROUTE-TIMING-RPX" Name="aes_encrypt_top_timing_summary_routed.rpx"/>
  <File Type="ROUTE-SIMILARITY" Name="aes_encrypt_top_incremental_reuse_routed.rpt"/>
  <File Type="ROUTE-CLK" Name="aes_encrypt_top_clock_utilization_routed.rpt"/>
  <File Type="ROUTE-BUS-SKEW" Name="aes_encrypt_top_bus_skew_routed.rpt"/>
  <File Type="ROUTE-BUS-SKEW-PB" Name="aes_encrypt_top_bus_skew_routed.pb"/>
  <File Type="ROUTE-BUS-SKEW-RPX" Name="aes_encrypt_top_bus_skew_routed.rpx"/>
  <File Type="POSTROUTE-PHYSOPT-DCP" Name="aes_encrypt_top_postroute_physopt.dcp"/>
  <File Type="POSTROUTE-PHYSOPT-BLACKBOX-DCP" Name="aes_encrypt_top_postroute_physopt_bb.dcp"/>
  <File Type="POSTROUTE-PHYSOPT-TIMING" Name="aes_encrypt_top_timing_summary_postroute_physopted.rpt"/>
  <File Type="POSTROUTE-PHYSOPT-TIMING-PB" Name="aes_encrypt_top_timing_summary_postroute_physopted.pb"/>
  <File Type="POSTROUTE-PHYSOPT-TIMING-RPX" Name="aes_encrypt_top_timing_summary_postroute_physopted.rpx"/>
  <File Type="POSTROUTE-PHYSOPT-BUS-SKEW" Name="aes_encrypt_top_bus_skew_postroute_physopted.rpt"/>
  <File Type="POSTROUTE-PHYSOPT-BUS-SKEW-PB" Name="aes_encrypt_top_bus_skew_postroute_physopted.pb"/>
  <File Type="BG-BIT" Name="aes_encrypt_top.bit"/>
  <File Type="POSTROUTE-PHYSOPT-BUS-SKEW-RPX" Name="aes_encrypt_top_bus_skew_postroute_physopted.rpx"/>
  <File Type="BITSTR-RBT" Name="aes_encrypt_top.rbt"/>
  <File Type="BITSTR-NKY" Name="aes_encrypt_top.nky"/>
  <File Type="BG-DRC" Name="aes_encrypt_top.drc"/>
  <File Type="RDI-RDI" Name="aes_encrypt_top.vdi"/>
  <File Type="WBT-USG" Name="usage_statistics_webtalk.html"/>
  <FileSet Name="sources" Type="DesignSrcs" RelSrcDir="$PSRCDIR/sources_1">
    <Filter Type="Srcs"/>
    <File Path="$PPRDIR/../../veriloglabs-main/aes/tbox/Rcon.v">
      <FileInfo>
        <Attr Name="UsedIn" Val="synthesis"/>
        <Attr Name="UsedIn" Val="implementation"/>
        <Attr Name="UsedIn" Val="simulation"/>
      </FileInfo>
    </File>
    <File Path="$PPRDIR/../../veriloglabs-main/aes/tbox/Sbox.v">
      <FileInfo>
        <Attr Name="UsedIn" Val="synthesis"/>
        <Attr Name="UsedIn" Val="implementation"/>
        <Attr Name="UsedIn" Val="simulation"/>
      </FileInfo>
    </File>
    <File Path="$PPRDIR/../../veriloglabs-main/aes/tbox/Te0box.v">
      <FileInfo>
        <Attr Name="UsedIn" Val="synthesis"/>
        <Attr Name="UsedIn" Val="implementation"/>
        <Attr Name="UsedIn" Val="simulation"/>
      </FileInfo>
    </File>
    <File Path="$PPRDIR/../../veriloglabs-main/aes/tbox/Te1box.v">
      <FileInfo>
        <Attr Name="UsedIn" Val="synthesis"/>
        <Attr Name="UsedIn" Val="implementation"/>
        <Attr Name="UsedIn" Val="simulation"/>
      </FileInfo>
    </File>
    <File Path="$PPRDIR/../../veriloglabs-main/aes/tbox/Te2box.v">
      <FileInfo>
        <Attr Name="UsedIn" Val="synthesis"/>
        <Attr Name="UsedIn" Val="implementation"/>
        <Attr Name="UsedIn" Val="simulation"/>
      </FileInfo>
    </File>
    <File Path="$PPRDIR/../../veriloglabs-main/aes/tbox/Te3box.v">
      <FileInfo>
        <Attr Name="UsedIn" Val="synthesis"/>
        <Attr Name="UsedIn" Val="implementation"/>
        <Attr Name="UsedIn" Val="simulation"/>
      </FileInfo>
    </File>
    <File Path="$PPRDIR/../../veriloglabs-main/aes/tbox/aes_encrypt_core.v">
      <FileInfo>
        <Attr Name="UsedIn" Val="synthesis"/>
        <Attr Name="UsedIn" Val="implementation"/>
        <Attr Name="UsedIn" Val="simulation"/>
      </FileInfo>
    </File>
    <File Path="$PPRDIR/../../veriloglabs-main/aes/tbox/aes_encrypt_top.v">
      <FileInfo>
        <Attr Name="UsedIn" Val="synthesis"/>
        <Attr Name="UsedIn" Val="implementation"/>
        <Attr Name="UsedIn" Val="simulation"/>
      </FileInfo>
    </File>
    <Config>
      <Option Name="DesignMode" Val="RTL"/>
      <Option Name="TopModule" Val="aes_encrypt_top"/>
      <Option Name="TopAutoSet" Val="TRUE"/>
    </Config>
  </FileSet>
  <FileSet Name="constrs_in" Type="Constrs" RelSrcDir="$PSRCDIR/constrs_1">
    <Filter Type="Constrs"/>
    <Config>
      <Option Name="ConstrsType" Val="XDC"/>
    </Config>
  </FileSet>
  <FileSet Name="utils" Type="Utils" RelSrcDir="$PSRCDIR/utils_1">
    <Filter Type="Utils"/>
    <Config>
      <Option Name="TopAutoSet" Val="TRUE"/>
    </Config>
  </FileSet>
  <Strategy Version="1" Minor="2">
    <StratHandle Name="Vivado Implementation Defaults" Flow="Vivado Implementation 2018"/>
    <Step Id="init_design"/>
    <Step Id="opt_design"/>
    <Step Id="power_opt_design"/>
    <Step Id="place_design"/>
    <Step Id="post_place_power_opt_design"/>
    <Step Id="phys_opt_design"/>
    <Step Id="route_design"/>
    <Step Id="post_route_phys_opt_design"/>
    <Step Id="write_bitstream"/>
  </Strategy>
</GenRun>
